time_s,x_m,y_m
0.000,0.000000,0.000000
0.080,1.210991,1.197553
0.160,2.360017,2.304559
0.240,3.453917,3.325565
0.320,4.498652,4.264534
0.400,5.499442,5.124932
0.480,6.460876,5.909796
0.560,7.387004,6.621792
0.640,8.281410,7.263264
0.720,9.147274,7.836272
0.800,9.987419,8.342626
0.880,10.804352,8.783921
0.960,11.600301,9.161560
1.040,12.377240,9.476782
1.120,13.136913,9.730681
1.200,13.880855,9.924237
1.280,14.610408,10.058331
1.360,15.326737,10.133769
1.440,16.030843,10.151307
1.520,16.723581,10.111665
1.600,17.405667,10.015556
1.680,18.077695,9.863695
1.760,18.740151,9.656823
1.840,19.393425,9.395714
1.920,20.037821,9.081191
2.000,20.673573,8.714129
2.080,21.300853,8.295464
2.160,21.919781,7.826190
2.240,22.530434,7.307365
2.320,23.132855,6.740106
2.400,23.727058,6.125585
2.480,24.313034,5.465026
2.560,24.890755,4.759699
2.640,25.460184,4.010914
2.720,26.021273,3.220014
2.800,26.573968,2.388369
2.880,27.118212,1.517368
2.960,27.653951,0.608414
3.008,27.971289,0.045409
